{"cameraMode":{"drawMode":0,"name":"Shaded","section":"Shading Mode"},"sceneLighting":true,"audioPlay":false,"sceneViewState":{"m_AlwaysRefresh":false,"showFog":true,"showSkybox":true,"showFlares":true,"showImageEffects":true,"showParticleSystems":true,"showVisualEffectGraphs":true,"m_FxEnabled":true},"in2DMode":false,"pivot":{"x":5.960464477539063e-8,"y":0.7141001224517822,"z":0.029300019145011903},"rotation":{"x":-0.01642400398850441,"y":0.9821666479110718,"z":-0.15629494190216065,"w":-0.10320939123630524},"size":1.0428720712661744,"orthographic":false}