{"cameraMode":{"drawMode":0,"name":"Shaded","section":"Shading Mode"},"sceneLighting":false,"audioPlay":false,"sceneViewState":{"m_AlwaysRefresh":false,"showFog":true,"showSkybox":false,"showFlares":true,"showImageEffects":true,"showParticleSystems":true,"showVisualEffectGraphs":true,"m_FxEnabled":false},"in2DMode":false,"pivot":{"x":5.960464477539063e-8,"y":0.5934890508651733,"z":-0.045791685581207278},"rotation":{"x":-0.0062750657089054588,"y":0.9217921495437622,"z":-0.3873499035835266,"w":-0.014933540485799313},"size":3.750041961669922,"orthographic":false}