{"cameraMode":{"drawMode":0,"name":"Shaded","section":"Shading Mode"},"sceneLighting":false,"audioPlay":false,"sceneViewState":{"m_AlwaysRefresh":false,"showFog":true,"showSkybox":false,"showFlares":true,"showImageEffects":true,"showParticleSystems":true,"showVisualEffectGraphs":true,"m_FxEnabled":false},"in2DMode":false,"pivot":{"x":0.4254021644592285,"y":0.6899495124816895,"z":0.10414636135101319},"rotation":{"x":-0.0062750657089054588,"y":0.9217921495437622,"z":-0.3873499035835266,"w":-0.014933540485799313},"size":1.2650917768478394,"orthographic":false}